NAME_E,id,pctlVolume_agg,pctlVolume_SF,pctlVolume_MF,pctlVolume_SB,pctlVolume_mission,pctlVolume_federal,pctlVolume_NonRes,pctlrace_agg,pctlrace_SF,pctlrace_MF,pctlrace_SB,pctlrace_mission,pctlrace_federal,pctlrace_NonRes,pctlpov_agg,pctlpov_SF,pctlpov_MF,pctlpov_mission,pctlpov_federal,pctlpov_NonRes,pctlpov_SB
"Milwaukee, WI",5553000,86,74,94,92,96,98,90,16,26,45,25,60,78,38,88,75,22,73,91,52,62
"New York, NY",3651000,100,100,100,100,100,100,100,26,45,55,37,63,52,32,69,51,41,74,41,81,66
"Los Angeles, CA",0644000,100,100,100,100,100,100,100,79,90,84,64,67,75,56,30,15,46,81,79,86,39
"Chicago, IL",1714000,100,100,100,100,100,100,100,50,75,77,49,85,32,28,46,31,5,80,37,45,26
"Houston, TX",4835000,100,99,100,100,99,99,100,62,74,28,58,21,29,34,36,27,24,27,41,48,31
"Phoenix, AZ",0455000,99,99,98,99,95,94,100,78,86,47,79,38,53,40,37,28,43,46,39,49,41
"Philadelphia, PA",4260000,98,97,99,98,95,96,98,43,58,79,43,38,44,12,70,54,9,52,55,71,59
"San Antonio, TX",4865000,97,97,97,99,100,93,99,77,73,68,74,78,45,61,44,37,18,19,42,24,34
"San Diego, CA",0666000,100,100,99,99,99,96,99,66,76,72,75,77,59,57,36,53,78,80,58,70,39
"Dallas, TX",4819000,99,98,99,100,97,88,99,75,90,43,69,33,21,48,26,17,36,53,25,41,26
"San Jose, CA",0668000,99,100,98,98,94,93,97,60,49,80,32,62,68,52,20,56,85,72,74,93,54
"Austin, TX",4805000,98,98,99,99,96,97,99,77,88,56,87,23,50,44,48,38,44,49,26,50,32
"Fort Worth, TX",4827000,96,96,94,96,88,92,96,70,84,51,61,50,46,54,45,29,17,18,49,45,41
"Jacksonville, FL",1235000,96,96,95,96,81,86,95,51,68,72,77,48,59,18,43,33,16,68,50,36,36
"Columbus, OH",3918000,95,94,97,96,95,93,96,63,78,83,70,70,67,40,73,63,10,33,48,65,51
"Charlotte, NC",3712000,98,98,97,98,94,86,99,83,93,51,85,63,22,39,42,28,35,77,18,52,32
"San Francisco, CA",0667000,99,99,100,99,99,98,98,70,100,88,51,76,84,53,35,7,5,87,97,71,31
"Indianapolis city (bal, IN",1836003,95,93,95,97,81,96,98,57,65,63,85,32,58,55,59,52,10,51,63,65,29
"Seattle, WA",5363000,99,99,99,98,98,98,97,80,99,92,89,83,99,64,51,29,42,80,96,72,44
"Denver, CO",0820000,97,98,98,98,99,99,95,65,88,68,65,61,97,53,46,44,23,91,97,39,53
"Washington, DC",1150000,98,99,98,95,100,96,97,89,99,80,67,94,87,35,30,20,8,46,80,42,40
"Boston, MA",2507000,98,98,98,94,93,98,98,74,84,77,54,43,88,60,49,39,14,26,77,59,58
"El Paso, TX",4824000,86,83,82,93,94,87,92,54,31,16,45,55,78,16,84,67,30,19,78,53,62
"Detroit, MI",2622000,80,36,61,78,97,99,97,13,11,14,20,64,77,16,95,92,33,32,74,50,75
"Nashville-Davidson County, TN",4752006,96,96,96,97,83,91,94,55,71,65,58,39,58,19,69,59,42,63,50,49,65
"Oklahoma City, OK",4055000,94,90,91,97,88,99,95,56,62,57,59,52,26,34,68,49,27,21,25,51,47
"Portland, OR",4159000,97,97,97,97,98,94,95,84,93,73,81,96,97,61,53,65,58,90,92,40,44
"Las Vegas, NV",3240000,97,97,94,95,87,87,98,82,84,46,66,19,65,76,26,19,68,45,64,66,54
"Memphis, TN",4748000,87,84,89,94,95,91,91,42,55,39,63,67,57,18,72,59,20,23,54,54,42
"Louisville/Jefferson County, KY",2148006,89,89,82,92,65,68,86,67,72,44,66,32,16,45,35,33,32,31,15,32,16
"Baltimore, MD",2404000,92,89,94,85,90,95,94,68,77,43,58,59,56,23,56,43,13,35,79,71,52
"Albuquerque, NM",3502000,94,93,88,95,99,95,94,38,48,56,29,92,44,28,55,48,44,75,36,31,68
"Tucson, AZ",0477000,87,86,85,90,49,83,92,28,36,26,38,20,58,30,78,79,52,35,56,51,87
"Fresno, CA",0627000,88,88,87,88,80,85,81,66,62,33,63,49,81,49,52,45,30,59,62,40,41
"Mesa, AZ",0446000,92,93,88,89,52,80,90,82,73,94,72,40,50,82,33,36,77,53,36,69,30
"Sacramento, CA",0664000,94,94,93,90,86,91,88,62,82,67,72,75,89,46,71,39,9,77,89,41,56
"Atlanta, GA",1304000,97,96,96,97,87,100,96,81,91,67,85,19,84,25,38,23,21,50,86,57,22
"Kansas City, MO",2938000,93,90,92,86,97,90,97,72,74,69,68,90,79,74,38,37,12,11,70,20,38
"Colorado Springs, CO",0816000,95,95,92,93,89,85,84,93,96,61,97,79,31,93,31,37,70,17,49,53,28
"Omaha, NE",3137000,91,89,91,94,85,87,93,79,74,60,83,35,71,65,44,43,48,54,56,29,29
"Raleigh, NC",3755000,93,92,92,95,78,78,83,77,88,51,89,62,70,22,39,45,13,57,51,46,11
"Miami, FL",1245000,92,88,90,92,71,99,94,50,43,15,13,49,96,26,43,23,52,22,98,76,44
"Long Beach, CA",0643000,91,89,97,80,90,88,79,61,41,85,63,85,64,77,66,75,72,73,51,84,59
"Virginia Beach, VA",5182000,92,95,74,85,37,53,80,94,94,59,96,43,24,69,32,62,66,51,23,86,53
"Oakland, CA",0653000,95,95,96,91,96,98,83,54,52,71,55,86,80,51,40,39,15,88,88,86,40
"Minneapolis, MN",2743000,93,90,95,93,93,97,82,62,79,74,90,87,93,35,72,73,43,84,90,56,48
"Tulsa, OK",4075000,85,75,88,95,85,91,89,84,90,83,95,69,63,45,47,42,16,21,50,46,9
"Tampa, FL",1271000,93,91,89,94,53,94,93,73,90,44,53,39,68,37,49,35,15,51,68,57,37
"Arlington, TX",4804000,88,85,93,88,56,76,95,33,31,78,51,25,42,83,59,63,55,35,40,12,47
"New Orleans, LA",2255000,85,80,80,93,90,97,87,65,73,37,74,16,75,25,62,48,23,36,79,53,47
"Wichita, KS",2079000,82,78,77,92,25,73,85,71,70,27,73,1,48,59,49,50,28,37,40,33,27
"Bakersfield, CA",0603526,90,91,76,82,67,82,81,94,92,39,68,44,92,69,32,32,45,64,84,28,46
"Cleveland, OH",3916000,70,34,75,77,82,97,93,13,17,26,28,41,83,30,95,91,29,52,88,52,64
"Aurora, CO",0804000,96,96,94,91,92,89,92,93,93,87,71,84,60,89,17,17,74,70,52,95,46
"Anaheim, CA",0602000,95,93,96,96,92,95,93,31,18,88,20,65,86,55,38,54,95,81,84,96,45
"Urban Honolul, HI",1571550,89,88,86,91,88,79,91,53,59,32,49,83,47,49,95,85,47,69,48,83,78
"Santa Ana, CA",0669000,74,66,89,79,82,67,65,45,17,52,38,71,77,55,36,26,87,95,81,68,65
"Riverside, CA",0662000,84,86,83,71,74,70,78,41,27,74,39,55,73,62,53,32,81,78,66,92,59
"Corpus Christi, TX",4817000,76,70,68,78,93,79,83,60,60,26,34,93,70,67,60,41,22,4,79,18,86
"Lexington-Fayette County, KY",2146027,83,83,80,91,33,84,76,63,70,42,45,1,55,18,59,62,53,37,33,61,72
"Henderson, NV",3231900,94,95,84,83,64,87,86,90,83,88,95,62,58,84,16,11,82,47,52,69,24
"Stockton, CA",0675000,82,84,62,67,73,81,80,47,61,50,46,54,83,83,45,38,42,30,89,84,51
"St. Paul, MN",2758000,74,72,86,67,88,90,59,42,65,66,61,91,96,27,83,76,11,86,94,68,66
"Cincinnati, OH",3915000,78,69,87,84,52,89,81,42,69,36,61,30,93,15,80,57,20,57,93,57,50
"St. Louis, MO",2965000,81,70,87,83,81,93,90,28,53,59,57,64,93,20,76,52,12,29,89,67,48
"Pittsburgh, PA",4261000,70,60,85,84,10,94,51,55,65,54,78,1,84,15,93,87,37,37,62,61,69
"Greensboro, NC",3728000,83,69,87,91,90,80,91,51,63,23,79,68,39,35,56,56,56,12,35,49,22
"Lincoln, NE",3128000,77,73,72,86,45,74,81,93,91,62,95,37,50,77,71,64,48,47,30,42,48
"Anchorage, AK",0203000,90,91,63,89,57,72,77,100,97,90,94,49,75,86,18,26,79,63,74,87,80
"Orlando, FL",1253000,87,86,93,88,64,93,88,46,73,66,68,27,70,48,37,19,56,23,73,83,20
"Irvine, CA",0636770,96,97,84,94,84,75,82,97,92,43,84,87,21,58,23,20,51,7,5,81,20
"Plano, TX",4858016,84,79,83,87,38,6,93,48,72,90,94,1,29,99,61,33,96,37,28,7,9
"Newark, NJ",3451000,68,49,90,50,80,95,74,12,12,19,33,51,89,67,96,70,17,61,98,36,66
"Durham, NC",3719000,83,81,90,77,87,72,84,80,80,64,62,45,80,23,58,49,9,65,76,35,37
"Chula Vista, CA",0613392,90,92,91,69,70,68,75,99,99,89,50,78,40,63,17,10,95,69,51,37,55
"Toledo, OH",3977000,50,26,55,69,46,92,86,29,36,35,56,16,82,47,95,86,30,43,84,45,61
"St. Petersburg, FL",1263000,77,79,77,75,13,70,61,27,58,60,60,22,39,44,57,49,38,43,53,64,71
"Laredo, TX",4841464,43,39,27,82,18,66,38,100,15,16,50,17,45,48,52,52,26,36,43,39,22
"Fort Wayne, IN",1825000,71,59,55,80,58,71,92,71,76,60,89,19,67,80,67,64,17,35,39,28,40
"Jersey City, NJ",3436000,87,85,95,61,59,90,90,49,81,63,47,29,95,79,41,6,67,18,96,82,38
"Chandler, AZ",0412000,94,95,79,89,52,10,91,97,96,78,54,34,15,82,26,30,60,44,7,14,73
"Madison, WI",5548000,84,80,92,79,66,84,85,55,64,76,23,55,84,74,83,75,29,37,34,73,66
"Lubbock, TX",4845000,61,53,63,81,98,28,68,41,61,32,53,88,33,27,65,58,28,3,14,67,39
"Scottsdale, AZ",0465000,90,93,76,89,64,9,86,98,99,97,100,66,34,63,10,7,90,55,26,77,2
"Reno, NV",3260600,86,87,82,88,63,96,89,80,91,18,37,51,66,41,36,27,49,68,81,38,62
"Buffalo, NY",3611000,32,18,60,63,58,92,33,13,20,25,29,23,79,14,88,78,19,36,83,58,58
"Gilbert, AZ",0427400,88,90,48,76,46,9,81,60,75,28,73,21,23,70,11,4,52,24,26,8,34
"Glendale, AZ",0427820,91,92,84,80,41,39,96,84,76,29,92,24,23,58,37,40,51,46,22,37,25
"North Las Vegas, NV",3251800,83,86,40,24,55,45,89,89,93,41,34,45,66,80,24,14,51,20,57,14,83
"Winston-Salem, NC",3775000,69,64,66,83,69,57,68,65,67,23,70,24,43,34,65,58,43,50,33,59,45
"Chesapeake, VA",5116000,90,94,73,75,19,69,79,56,51,61,37,22,47,53,27,36,60,34,56,91,25
"Norfolk, VA",5157000,77,76,74,73,43,76,78,43,51,27,33,1,61,21,78,82,31,37,39,68,66
"Fremont, CA",0626000,92,94,78,87,72,66,85,33,36,56,55,26,16,68,67,78,91,13,64,99,85
"Irving, TX",4837000,63,46,81,66,69,29,89,79,98,19,36,52,43,66,17,10,66,16,29,43,27
"Garland, TX",4829000,49,48,55,54,21,40,69,52,56,57,88,47,56,90,56,48,65,59,59,13,20
"Paradis, NV",3254600,76,53,86,68,54,33,96,85,79,77,40,40,17,75,53,20,75,29,18,89,58
"Arlingto, VA",5103000,91,90,90,59,97,83,94,98,95,72,93,87,89,85,6,22,53,2,95,34,10
"Hialeah, FL",1230000,44,42,45,69,34,42,66,30,15,22,24,73,17,82,46,46,58,24,68,58,40
"Richmond, VA",5167000,76,68,89,75,76,83,65,63,83,53,64,60,65,19,63,40,67,76,76,45,53
"Boise City, ID",1608830,86,88,67,93,84,63,79,86,94,41,97,96,40,30,28,46,55,88,52,47,10
"Spring Valle, NV",3268585,60,59,66,38,44,16,78,70,78,55,69,22,1,70,13,9,21,22,7,86,5
"Spokane, WA",5367000,82,72,66,81,80,100,55,57,88,62,77,72,98,72,91,68,68,88,95,25,84
"Baton Rouge, LA",2205000,68,57,81,86,87,81,63,39,52,40,71,66,67,13,69,65,24,13,46,79,32
"Tacoma, WA",5370000,80,77,88,71,94,86,73,73,98,79,90,96,100,98,98,71,59,86,100,78,71
"San Bernardino, CA",0665000,66,67,65,55,77,62,60,40,33,50,33,80,69,43,64,57,32,65,60,26,77
"Modesto, CA",0648354,72,77,43,65,38,40,61,39,31,47,54,48,46,80,54,63,11,23,66,15,43
"Fontana, CA",0624680,91,94,62,79,78,72,87,100,97,56,81,59,85,54,4,6,62,75,85,23,21
"Des Moines, IA",1921000,68,52,73,68,59,92,88,48,59,67,86,55,99,38,81,75,57,67,99,55,45
"Moreno Valley, CA",0649270,81,84,59,22,55,62,84,92,75,70,21,41,28,68,16,16,61,53,27,83,93
"Santa Clarita, CA",0669088,89,92,75,72,73,18,82,96,95,82,27,79,18,91,8,24,97,10,19,97,60
"Fayetteville, NC",3722920,59,57,53,75,89,74,44,55,42,30,93,44,82,62,98,90,26,60,73,79,69
"Birmingham, AL",0107000,78,69,88,92,44,75,58,64,68,67,89,39,34,15,54,39,11,27,43,56,19
"Oxnard, CA",0654652,73,74,57,62,58,65,70,40,45,40,48,65,55,48,70,69,40,79,67,76,61
"Rochester, NY",3663000,21,10,49,61,52,89,37,24,40,31,52,21,91,20,92,83,25,53,86,56,63
"Port St. Lucie, FL",1258715,72,81,8,39,42,15,51,19,18,29,93,73,19,56,14,13,53,3,22,11,9
"Huntsville, AL",0137000,77,78,64,90,29,59,44,59,66,33,71,26,25,25,56,50,45,54,29,43,55
"Grand Rapids, MI",2634000,60,46,52,86,57,92,73,15,32,31,17,23,94,24,97,86,30,59,99,41,94
"Salt Lake City, UT",4967000,84,81,84,88,89,82,89,34,79,42,19,77,73,17,59,42,84,88,94,60,59
"Frisco, TX",4827684,89,91,46,81,47,17,87,84,92,21,94,50,1,97,5,18,51,21,7,4,24
"Yonkers, NY",3684000,56,55,78,42,51,84,24,58,55,65,18,77,95,36,61,53,52,76,93,76,77
"Glendale, CA",0630000,84,78,95,87,79,75,71,26,55,64,78,82,79,31,30,34,93,92,86,87,38
"Huntington Beach, CA",0636000,86,87,80,81,68,56,78,66,87,93,13,81,68,88,21,18,92,82,72,12,17
"McKinney, TX",4845744,67,71,38,55,36,54,62,100,100,92,99,45,39,100,12,15,4,60,37,2,25
"Aurora, IL",1703012,79,73,38,72,50,13,92,80,81,45,75,57,33,60,15,14,51,59,38,12,24
"Montgomery, AL",0151000,55,40,60,85,40,56,72,38,43,31,79,18,64,21,81,59,25,44,69,69,35
"Akron, OH",3901000,24,18,24,46,21,85,64,16,25,24,60,20,88,23,94,83,29,48,87,62,51
"Amarillo, TX",4803000,58,49,44,84,84,69,69,44,60,42,89,66,42,60,63,44,21,76,38,29,16
"Augusta-Richmond County, GA",1304204,47,31,51,75,90,82,77,22,29,26,65,76,86,28,85,68,18,6,81,68,84
"Little Rock, AR",0541000,71,61,69,87,98,76,69,72,78,65,86,96,75,22,34,28,7,1,73,40,12
"Tempe, AZ",0473000,36,20,81,47,43,36,64,53,58,63,88,82,34,94,95,76,74,87,44,80,29
"Columbus, GA",1319000,57,44,67,76,25,77,70,38,45,38,78,1,43,19,81,66,15,37,53,75,35
"Overland Park, KS",2053775,78,74,82,77,59,12,83,91,96,82,76,89,24,76,41,31,70,89,20,74,26
"Grand Prairie, TX",4830464,25,31,36,16,36,10,33,89,84,55,83,46,38,87,16,15,11,17,47,7,17
"Cape Coral, FL",1210275,71,79,17,54,51,5,28,10,16,19,15,63,20,73,24,21,37,4,20,84,4
"Tallahassee, FL",1270600,61,49,83,74,96,46,58,59,69,64,53,98,37,54,72,64,53,3,35,72,51
"Sunrise Mano, NV",3271400,17,26,33,4,13,30,17,68,77,69,56,35,14,88,37,23,72,50,15,97,95
"Enterpris, NV",3223770,87,89,50,74,74,91,84,99,87,76,93,54,29,99,19,9,77,59,29,4,87
"Mobile, AL",0150000,58,36,70,90,82,79,66,43,37,47,90,63,46,22,73,71,17,55,61,50,23
"Knoxville, TN",4740000,73,65,73,85,80,89,77,48,62,43,70,78,48,35,73,74,37,33,31,47,50
"Shreveport, LA",2270000,55,32,31,74,96,78,87,33,42,20,57,20,72,22,86,58,26,60,76,36,37
"Worcester, MA",2582000,46,46,65,42,67,80,50,38,38,68,16,75,93,61,86,90,61,67,84,67,73
"Ontario, CA",0653896,65,65,68,79,84,45,63,62,46,53,76,95,46,75,46,57,73,98,68,54,32
"Vancouver, WA",5374060,65,66,75,54,65,60,64,76,43,95,92,91,66,95,50,88,76,82,45,18,56
"Sioux Falls, SD",4659020,67,67,72,86,1,67,1,87,96,88,96,1,92,1,25,15,74,37,90,63,28
"Chattanooga, TN",4714000,61,52,68,85,69,60,71,34,52,54,41,42,59,19,93,84,22,75,70,56,62
"Brownsville, TX",4810768,11,8,19,51,64,64,26,88,13,27,34,28,42,26,89,89,19,10,70,65,30
"Fort Lauderdale, FL",1224000,85,85,79,87,59,84,88,40,63,36,37,48,55,43,30,36,13,25,72,39,37
"Providence, RI",4459000,41,39,68,51,23,88,25,61,77,90,66,25,100,16,72,84,39,48,95,64,60
"Newport News, VA",5156000,48,45,50,38,28,61,72,31,40,58,14,34,75,63,66,56,65,31,82,91,88
"Rancho Cucamonga, CA",0659451,72,79,29,46,51,40,34,93,81,48,60,48,20,99,4,4,88,74,22,96,23
"Santa Rosa, CA",0670098,76,75,81,69,92,77,52,37,20,20,64,71,63,32,64,89,62,100,88,27,57
"Peoria, AZ",0454050,68,78,26,32,27,8,48,59,71,57,31,37,27,75,10,7,77,56,27,47,44
"Oceanside, CA",0653322,82,85,83,57,65,48,61,60,38,48,42,62,71,60,31,99,64,84,85,22,72
"Elk Grove, CA",0622020,79,83,44,43,64,50,61,92,70,66,74,68,48,80,12,17,73,76,35,10,5
"Salem, OR",4164900,53,55,63,56,66,45,62,42,53,16,40,71,32,80,69,56,48,90,76,14,54
"Pembroke Pines, FL",1255775,23,37,9,12,6,3,5,74,51,15,41,64,1,94,9,16,41,76,7,77,3
"Eugene, OR",4123850,62,56,80,70,78,78,62,66,94,98,80,98,94,62,82,68,68,91,71,48,77
"Garden Grove, CA",0629000,73,68,85,73,79,60,69,24,26,85,17,73,35,52,34,29,94,92,43,67,91
"Cary, NC",3710740,85,87,72,83,38,26,83,90,94,85,82,70,16,32,8,11,55,29,21,21,8
"Fort Collins, CO",0827425,73,71,74,77,91,62,65,27,64,51,47,95,21,33,39,51,20,73,13,23,56
"Corona, CA",0616350,83,87,73,71,53,34,48,77,86,78,65,54,71,49,12,12,87,57,62,80,96
"Springfield, MO",2970000,64,42,77,90,63,89,74,77,86,82,98,72,100,96,83,71,68,58,92,22,18
"Jackson, MS",2836000,30,15,58,79,67,84,2,67,31,33,80,1,64,1,75,71,27,37,73,63,19
"Alexandria, VA",5101000,93,92,96,73,83,77,90,98,95,99,42,88,57,37,13,35,98,11,67,81,94
"Hayward, CA",0633000,80,82,82,59,70,65,56,78,71,92,90,58,68,40,20,95,87,77,63,85,11
"Clarksville, TN",4715160,51,62,47,18,12,34,27,12,19,89,33,22,57,74,76,46,9,48,63,27,85
"Lakewood, CO",0843000,67,63,76,64,78,58,71,59,12,97,22,56,80,38,66,95,93,97,72,25,99
"Lancaster, CA",0640130,75,81,37,33,61,71,57,81,73,49,69,74,72,31,53,61,49,78,61,78,59
"Salinas, CA",0664224,45,51,41,30,26,68,46,64,20,15,19,40,66,20,50,45,20,21,64,52,69
"Palmdale, CA",0655156,67,76,30,8,38,46,32,88,60,71,32,31,54,68,26,16,79,37,48,75,89
"Hollywood, FL",1232000,51,57,39,60,21,27,45,26,28,50,61,45,32,36,38,55,39,53,42,80,51
"Springfield, MA",2567000,23,26,37,22,36,83,18,18,34,34,24,56,96,23,89,84,56,58,95,74,81
"Macon-Bibb C, GA",1349008,33,20,36,78,49,63,51,39,40,18,87,31,62,28,74,67,28,21,55,31,14
"Kansas City, KS",2036000,41,25,59,64,91,56,80,31,23,28,35,63,41,47,87,83,36,17,51,33,65
"Sunnyvale, CA",0677000,73,72,84,28,50,34,66,67,46,98,35,84,41,68,2,6,96,71,71,16,9
"Pomona, CA",0658072,42,40,62,49,71,57,41,63,53,45,30,81,36,59,61,69,56,88,60,92,93
"Killeen, TX",4839148,35,43,25,11,56,41,21,25,57,46,37,1,74,52,41,19,64,37,75,22,46
"Escondido, CA",0622804,80,82,85,68,46,70,66,78,64,91,43,46,81,88,22,21,90,74,79,29,63
"Pasadena, TX",4856000,4,4,36,18,53,43,17,41,39,22,68,92,64,43,75,67,59,70,65,33,48
"Naperville, IL",1751622,75,77,57,65,31,8,72,13,29,96,96,32,34,97,8,40,100,28,48,1,11
"Joliet, IL",1738570,48,50,6,48,77,47,75,50,50,23,58,91,30,45,42,46,35,85,33,23,29
"Bellevue, WA",5305210,88,88,83,83,79,54,86,95,97,60,75,36,36,27,6,27,89,56,58,55,17
"Murfreesboro, TN",4751560,52,55,54,61,16,49,60,76,85,69,82,24,23,93,41,41,29,32,18,13,28
"Midland, TX",4848072,59,62,61,57,89,53,34,66,83,62,51,94,36,64,40,17,1,100,34,20,35
"Paterson, NJ",3457000,21,19,56,27,14,82,19,24,40,33,16,50,100,75,94,41,58,68,98,47,33
"Savannah, GA",1369000,54,42,65,80,43,73,75,67,61,68,62,43,30,41,90,80,19,66,40,61,86
"Bridgeport, CT",0908000,25,26,54,20,13,82,16,19,22,20,29,1,96,15,87,79,32,37,88,55,57
"Rockford, IL",1765000,22,17,42,46,85,66,49,32,30,42,38,19,70,53,84,84,14,44,57,35,65
"Torrance, CA",0680000,65,61,79,66,69,5,59,69,42,90,44,93,14,79,14,35,100,47,6,97,5
"McAllen, TX",4845384,37,23,25,81,77,56,57,69,14,22,26,72,49,17,86,82,23,11,51,62,33
"Charleston, SC",4513330,81,82,71,84,62,47,67,47,70,21,13,41,48,33,71,86,76,12,44,66,87
"Syracuse, NY",3673000,6,4,46,36,1,79,1,23,33,49,24,1,90,1,92,89,31,37,70,63,80
"Surprise, AZ",0471510,70,79,13,17,61,15,49,88,86,29,65,51,28,82,35,38,49,60,25,15,99
"Denton, TX",4819972,51,57,64,49,60,47,47,73,91,89,44,83,53,58,57,35,79,51,18,44,47
"Roseville, CA",0662938,70,72,43,58,73,22,76,81,92,81,91,79,21,95,20,12,74,93,19,24,81
"Thornton, CO",0877290,79,83,71,40,72,73,51,95,97,82,88,92,35,50,7,4,85,12,30,38,20
"Miramar, FL",1245975,65,71,56,24,14,23,58,87,59,65,77,39,28,76,6,9,69,62,5,6,15
"Pasadena, CA",0656000,75,72,81,74,88,42,70,70,39,93,34,97,63,75,22,40,37,12,65,82,54
"Mesquite, TX",4847892,9,11,28,13,24,7,42,28,35,62,85,57,29,71,44,51,47,25,28,22,16
"Olathe, KS",2052575,78,83,43,63,70,11,59,100,100,50,91,86,35,97,3,5,10,28,30,6,28
"Dayton, OH",3921000,15,6,39,50,36,83,48,14,16,13,30,26,71,13,89,88,32,62,83,54,64
"Carrollton, TX",4813024,81,75,85,82,49,51,91,75,85,74,91,23,1,90,28,19,57,47,7,16,18
"Waco, TX",4876000,32,24,60,25,35,32,67,37,43,44,26,24,33,18,90,77,65,34,27,75,60
"Orange, CA",0653980,68,73,58,60,37,33,27,91,61,86,92,40,40,57,9,16,86,56,53,90,13
"Fullerton, CA",0628000,58,58,71,47,48,17,57,72,28,79,48,59,31,73,39,93,93,85,21,75,33
"West Valley City, UT",4983470,23,32,31,4,27,35,24,39,46,63,21,48,62,81,33,33,82,34,59,59,91
"Lehigh Acre, FL",1239925,18,35,1,3,48,15,3,96,95,1,31,100,1,39,18,20,33,2,7,23,80
"Visalia, CA",0682954,40,51,22,33,40,16,18,47,44,45,41,16,63,50,57,47,24,31,61,83,61
"Hampton, VA",5135000,50,54,59,29,16,51,56,16,26,26,11,20,52,40,80,80,18,33,36,61,72
"Gainesville, FL",1225175,30,11,74,33,71,58,68,19,47,75,64,75,48,53,91,92,60,69,5,73,53
"Warren, MI",2684000,21,10,12,23,76,9,82,26,21,38,88,93,27,94,81,81,26,34,24,21,81
"Coral Springs, FL",1214400,56,60,49,48,18,10,46,92,77,75,68,50,41,83,15,34,2,66,35,31,15
"Cedar Rapids, IA",1912000,42,39,48,59,74,73,60,19,12,61,71,95,98,44,100,89,66,94,94,30,95
"Round Rock, TX",4863500,40,45,54,30,35,9,26,89,83,94,14,29,54,90,13,12,90,79,68,12,83
"Sterling Heights, MI",2676460,54,45,40,61,81,47,85,37,13,46,57,72,18,98,80,83,13,50,11,52,69
"Kent, WA",5335415,61,60,77,63,63,68,63,28,78,99,91,97,95,85,54,92,62,89,80,21,90
"Pearland, TX",4856348,35,44,38,21,23,14,8,1,1,1,1,1,1,1,23,18,97,99,66,98,7
"Columbia, SC",4516000,52,44,58,76,83,85,52,61,65,40,82,83,78,36,73,68,37,62,75,59,39
"Metairi, LA",2250115,57,49,41,78,20,24,76,52,67,81,56,1,21,63,58,47,59,37,16,94,72
"Santa Clara, CA",0669084,56,60,76,34,35,44,19,11,48,91,48,79,47,96,46,97,73,16,83,6,70
"New Haven, CT",0952000,23,11,69,25,41,88,32,23,21,54,18,27,55,14,77,51,7,45,71,82,69
"Stamford, CT",0973000,74,73,86,58,20,81,39,94,79,99,56,33,97,36,21,82,99,52,97,35,55
"Concord, CA",0616000,75,80,63,56,60,30,50,85,63,87,52,52,42,61,15,32,92,63,38,22,21
"Elizabeth, NJ",3421000,39,27,62,19,29,81,71,17,23,31,15,19,98,39,87,83,9,52,93,72,75
"Thousand Oaks, CA",0678582,82,85,61,72,18,50,79,83,80,96,45,52,76,95,7,16,98,67,78,6,52
"Athens-Clarke County unified government (bal, GA",1303440,26,19,57,65,30,63,41,21,48,62,18,38,57,62,97,81,71,28,29,82,37
"Lafayette, LA",2240735,48,34,51,76,98,57,66,46,38,41,54,74,50,31,51,51,7,8,57,79,24
"Simi Valley, CA",0672016,77,82,53,54,55,22,43,92,88,96,86,62,24,87,7,8,91,10,5,94,7
"Topeka, KS",2071000,18,16,47,45,14,55,24,40,56,56,73,18,87,57,78,66,22,34,77,29,64
"Norman, OK",4052500,48,54,49,48,23,19,40,81,84,95,95,45,45,89,76,60,38,31,22,42,43
"Fargo, ND",3825700,35,22,64,76,62,32,33,1,1,1,1,1,1,1,99,62,77,95,53,74,26
"Wilmington, NC",3774440,59,48,74,82,76,65,59,47,57,59,86,70,61,41,55,60,28,14,47,28,17
"Columbia, MO",2915670,45,31,63,73,86,38,71,14,15,75,13,86,77,33,91,69,74,13,23,32,30
"Abilene, TX",4801000,28,29,28,45,91,48,39,71,69,15,83,97,36,45,74,72,31,4,20,38,41
"Odessa, TX",4853388,11,17,28,13,75,30,12,50,62,45,12,87,61,17,39,24,10,3,54,34,79
"North Charleston, SC",4550875,37,36,51,53,27,50,45,45,74,52,62,54,51,29,53,30,44,18,40,37,93
"Victorville, CA",0682590,28,41,7,6,39,39,5,96,53,34,32,82,59,47,79,92,60,85,62,28,97
"Hartford, CT",0937000,12,5,71,15,36,81,8,12,18,28,19,16,37,16,96,79,54,45,82,66,60
"Vallejo, CA",0681666,53,63,44,17,52,27,16,71,69,52,23,89,56,85,34,42,76,80,69,64,94
"Allentown, PA",4202000,28,19,43,46,9,94,29,46,41,30,82,30,80,14,76,86,16,56,64,48,25
"Berkeley, CA",0606000,78,71,91,72,83,74,54,54,99,99,59,98,90,81,80,43,89,90,39,78,57
"Richardson, TX",4861796,4,4,28,23,45,1,28,1,1,1,1,1,1,1,68,9,99,99,7,70,2
"Arvada, CO",0803455,76,81,58,68,75,78,59,79,82,88,27,59,26,83,11,26,89,9,31,11,89
"Ann Arbor, MI",2603000,56,36,70,58,86,97,76,45,34,46,41,58,60,93,84,82,61,61,5,89,74
"East Los Angele, CA",0620802,15,17,26,28,72,74,27,40,15,13,17,17,97,91,79,87,42,19,72,44,27
"Cambridge, MA",2511000,65,53,89,35,22,52,77,21,51,86,45,36,80,87,92,98,3,19,60,90,56
"Rochester, MN",2754880,37,41,49,50,1,52,1,69,56,100,95,1,54,1,50,35,86,37,61,63,49
"Sugar Land, TX",4870808,46,47,2,55,29,13,76,25,17,1,59,74,14,100,2,10,33,1,6,1,100
"College Station, TX",4815976,20,22,31,16,67,10,52,87,60,46,70,99,22,90,61,74,57,3,21,58,58
"Evansville, IN",1822000,22,11,47,57,54,85,49,20,22,16,28,26,82,24,77,73,17,44,92,42,76
"The Woodland, TX",4872656,35,40,30,22,6,14,44,1,1,1,1,1,1,1,100,3,2,10,7,100,99
"Fairfield, CA",0623182,55,63,34,18,75,27,37,97,89,90,80,95,76,91,21,25,83,93,71,28,82
"Clearwater, FL",1212875,47,44,65,67,24,52,54,23,27,85,32,49,65,66,70,77,26,20,73,36,42
"Brando, FL",1208150,42,42,69,39,8,53,47,30,71,70,86,25,18,30,80,47,82,44,13,78,75
"Beaumont, TX",4807000,19,13,32,66,2,65,29,36,50,30,84,1,69,35,60,53,11,37,43,41,11
"Lansing, MI",2646000,18,8,25,38,75,90,58,35,31,37,28,94,85,30,96,90,49,82,63,76,91
"Independence, MO",2935000,47,33,20,39,89,73,88,58,57,23,46,68,27,95,60,62,40,8,30,15,56
"Provo, UT",4962470,9,12,29,21,21,46,17,45,30,38,47,52,91,48,62,52,42,22,2,50,55
"West Jordan, UT",4982950,44,58,28,12,34,12,18,62,50,84,77,31,25,96,43,42,98,66,12,4,98
"Murrieta, CA",0650076,66,74,35,40,21,24,29,30,11,80,11,61,59,12,12,8,19,90,91,3,8
"Palm Bay, FL",1254000,13,27,3,2,7,12,17,1,1,1,1,1,1,1,25,29,54,22,4,50,16
"El Monte, CA",0622230,13,7,41,43,74,47,38,35,34,17,49,100,37,83,41,94,54,2,2,58,23
"Carlsbad, CA",0611194,89,91,75,84,73,40,74,99,100,97,97,81,38,66,7,3,94,77,31,11,12
"Temecula, CA",0678120,69,76,39,27,39,24,39,96,90,92,76,74,14,98,10,25,99,85,13,94,14
"Clovis, CA",0614218,63,70,48,50,37,13,30,98,98,85,17,44,20,81,21,20,55,27,14,27,63
"Springfield, IL",1772000,29,27,29,59,13,37,49,20,33,37,51,17,62,36,74,65,14,35,54,24,36
"Meridian, ID",1652120,18,34,3,9,24,4,4,1,1,1,1,1,1,1,3,4,14,69,47,2,2
"Spring Hil, FL",1268350,20,30,3,12,7,44,33,67,67,16,48,33,1,99,33,45,36,28,7,5,38
"Westminster, CO",0883835,41,51,47,19,66,21,30,52,49,55,35,69,19,44,27,34,75,24,21,31,95
"Costa Mesa, CA",0616532,88,87,92,96,91,55,84,36,59,82,46,91,43,50,35,96,93,95,38,49,38
"Manchester, NH",3345140,39,35,58,31,54,64,62,52,63,57,52,22,95,81,83,85,63,51,89,88,53
"Pueblo, CO",0862000,12,18,14,27,26,37,15,49,33,18,21,21,77,12,77,77,25,32,45,48,48
"Lakeland, FL",1238250,34,24,45,34,73,54,73,17,59,61,20,75,55,46,73,53,40,70,45,29,70
"Pompano Beach, FL",1258050,4,5,11,8,9,6,41,1,1,1,1,1,1,1,82,74,72,9,46,94,92
"West Palm Beach, FL",1276600,53,48,52,65,39,69,77,29,37,52,36,35,62,69,64,47,67,68,69,79,52
"High Point, NC",3731400,22,21,18,53,29,57,50,48,60,21,23,61,53,56,71,59,27,17,37,44,78
"Antioch, CA",0602252,63,69,44,20,48,35,56,97,94,87,50,89,51,86,8,12,86,71,47,9,74
"Everett, WA",5322640,60,59,78,53,71,77,55,65,66,98,61,80,94,76,47,95,94,89,99,15,36
"Downey, CA",0619766,50,51,70,43,57,35,37,99,34,35,51,80,25,41,44,65,6,78,59,19,82
"Lowell, MA",2537000,29,29,46,10,11,75,50,35,32,44,22,58,91,26,67,96,12,32,87,55,71
"Centennial, CO",0812815,62,67,35,63,78,9,61,11,40,94,98,99,15,67,99,94,86,99,15,99,22
"Elgin, IL",1723074,52,53,20,49,69,59,78,70,50,38,81,81,69,72,34,54,15,92,78,16,31
"Broken Arrow, OK",4009050,60,64,47,63,43,20,49,91,89,96,100,79,30,71,31,32,80,13,25,88,33
"Richmond, CA",0660620,64,66,61,36,82,86,42,56,58,30,23,90,88,33,32,57,21,33,82,77,81
"Miami Gardens, FL",1245060,39,42,30,21,12,67,55,12,21,22,42,30,52,23,51,47,61,25,59,13,88
"Peoria, IL",1759000,28,17,24,52,68,43,72,38,47,40,73,34,76,46,81,74,22,33,60,34,34
"Billings, MT",3006550,41,43,24,73,41,25,30,50,44,13,87,85,60,84,44,54,49,82,52,19,12
"Jurupa Valley, CA",0637692,45,59,10,17,32,24,20,83,55,24,66,59,22,27,17,14,63,69,26,95,36
"Sandy Springs, GA",1368516,47,43,71,65,4,27,64,81,80,64,62,27,37,47,29,97,85,30,21,30,77
"Gresham, OR",4131250,57,55,75,28,42,23,69,51,54,93,54,51,41,50,61,68,82,26,36,36,83
"Hillsboro, OR",4134100,45,50,62,22,12,38,55,29,24,73,26,43,81,67,58,82,12,54,82,92,74
"San Buenaventura (Ventura), CA",0665042,43,49,54,31,44,63,26,17,13,76,25,60,38,25,96,99,84,86,86,56,97
"Greeley, CO",0832155,36,41,29,42,51,65,23,72,81,30,27,30,53,39,40,34,54,48,39,48,50
"Lewisville, TX",4842508,16,6,45,16,18,5,73,69,74,84,75,67,23,100,42,22,41,74,17,3,92
"Arden-Arcad, CA",0602553,54,50,78,64,75,52,48,74,93,84,78,98,90,86,47,43,81,93,66,80,30
"Inglewood, CA",0636546,63,47,90,48,86,80,65,18,23,18,36,78,24,73,47,36,76,79,70,91,92
"Waterbury, CT",0980000,10,9,32,17,3,86,14,33,35,17,60,17,94,13,82,80,25,45,90,60,54
"Santa Maria, CA",0669196,30,33,34,24,51,53,32,64,19,63,20,77,49,78,42,87,79,16,75,37,62
"Tyler, TX",4874144,32,24,42,72,81,44,35,58,67,54,72,76,74,43,62,48,8,2,71,74,21
"League City, TX",4841980,58,65,40,33,39,23,31,51,39,81,96,47,56,78,9,7,1,72,52,99,3
"Davie, FL",1216475,75,77,70,69,22,54,68,56,49,97,73,53,26,92,24,22,94,63,25,19,18
"Daly City, CA",0617918,62,64,69,25,22,70,42,15,16,77,39,55,65,88,24,31,65,16,44,77,43
"Boulder, CO",0807850,69,61,87,77,93,62,40,14,85,96,42,94,92,21,66,94,84,98,2,43,18
"Allen, TX",4801924,79,82,64,64,40,20,67,80,70,83,100,66,14,85,2,2,2,78,12,26,1
"West Covina, CA",0684200,38,40,39,18,31,21,41,20,16,49,31,72,49,29,68,91,78,26,16,82,98
"Sparks, NV",3268400,34,43,20,5,47,25,34,78,85,58,11,37,46,64,18,13,80,70,55,26,90
"Columbi, MD",2419125,64,64,51,39,38,44,80,86,68,93,40,71,67,90,48,38,98,13,74,2,89
"Wichita Falls, TX",4879000,8,12,16,14,19,28,24,27,48,53,33,1,77,18,88,75,25,37,81,62,73
"Green Bay, WI",5531000,26,16,31,56,63,90,53,25,30,35,32,65,87,20,92,73,13,75,93,49,99
"San Mateo, CA",0668252,79,80,76,57,55,49,74,75,67,68,19,69,61,69,3,14,84,87,77,77,58
"Norwalk, CA",0652526,24,31,41,6,14,33,19,25,25,72,24,35,27,84,90,72,63,19,28,64,72
"Rialto, CA",0660466,23,32,6,6,6,29,36,98,57,37,57,29,54,24,50,58,58,43,57,80,93
"Las Cruces, NM",3539380,17,23,19,26,59,42,25,60,45,41,40,42,54,56,58,45,38,6,27,34,34
"Chico, CA",0613014,24,28,42,41,43,40,16,31,46,73,82,28,92,79,69,81,66,49,32,38,30
"El Cajon, CA",0621712,55,51,86,49,60,30,43,54,78,100,28,94,51,94,49,37,91,74,34,90,64
"South Bend, IN",1871000,9,6,17,34,47,71,47,27,36,28,52,1,72,46,87,77,30,37,86,72,61
"Burbank, CA",0608954,85,84,93,89,94,41,75,36,58,70,22,53,30,70,62,98,97,84,36,95,20
"Carmel, IN",1810342,74,75,65,78,41,7,67,91,98,74,99,32,13,24,11,11,93,64,6,87,4
"Renton, WA",5357745,49,56,67,24,28,67,14,95,82,94,66,34,91,96,18,24,95,24,91,92,84
"Vista, CA",0682996,13,15,50,13,30,41,13,27,10,84,81,57,83,47,52,99,88,87,98,91,7
"Davenport, IA",1919000,27,24,46,37,32,75,50,68,75,61,52,56,97,21,79,67,15,27,94,69,60
"Edinburg, TX",4822660,20,21,18,67,65,46,13,95,22,58,12,97,88,66,55,74,5,2,54,46,19
"Tuscaloosa, AL",0177256,36,13,64,70,53,76,70,37,48,75,62,47,88,38,70,80,61,72,37,26,46
"Spokane Valley, WA",5367167,32,31,56,45,85,25,19,1,1,1,1,1,1,1,70,58,82,83,33,60,98
"San Tan Valle, AZ",0464210,18,38,1,1,16,1,8,1,1,1,1,1,1,1,1,1,33,1,7,1,64
"Vacaville, CA",0681554,51,61,40,16,57,16,21,90,96,89,76,95,56,87,49,93,88,6,42,76,94
"Bend, OR",4105800,52,56,35,67,66,41,54,1,1,1,1,1,1,1,5,6,83,96,28,8,2
"Kenosha, WI",5539225,14,18,23,28,17,53,21,61,57,53,79,41,69,78,60,63,23,25,67,66,27
"Highlands Ranc, CO",0836410,66,76,6,36,37,2,8,21,83,1,98,65,1,86,4,94,33,81,7,11,1
"Boca Raton, FL",1207300,71,68,52,80,17,11,82,83,49,18,75,46,26,94,45,57,40,48,19,51,42
"Lee's Summit, MO",2941348,10,16,15,26,71,20,10,1,1,1,1,1,1,1,29,50,67,23,42,4,95
"Nampa, ID",1656260,25,35,2,26,60,21,43,73,92,17,10,90,70,25,47,43,52,95,76,7,65
"Rio Rancho, NM",3563460,29,46,2,5,16,3,3,85,56,1,84,70,16,20,4,3,33,16,17,70,4
"South Fulton, GA",1372122,26,36,37,13,19,64,15,1,1,1,1,1,1,1,12,8,5,15,1,14,98
"Roanoke, VA",5168000,14,14,21,52,4,59,7,18,28,27,43,18,73,13,65,70,12,36,41,54,41
"Beaverton, OR",4105350,69,70,79,62,45,50,53,61,63,92,43,58,52,77,25,13,97,11,42,10,71
"Town 'n' Countr, FL",1272145,8,14,33,10,4,2,14,43,66,13,83,27,1,12,31,23,8,22,7,54,6
"Yuma, AZ",0485540,20,29,4,14,3,38,34,37,30,24,21,1,49,52,43,41,46,37,49,17,68
"Lawrence, KS",2038900,24,24,56,40,62,22,22,1,1,1,1,1,1,1,63,72,48,83,23,25,19
"San Angelo, TX",4864472,6,10,11,10,76,39,11,29,36,15,16,24,60,17,94,70,36,65,83,47,71
"Orem, UT",4957300,41,47,26,59,32,12,54,75,52,53,19,18,35,78,54,96,64,58,32,20,86
"Rivervie, FL",1260950,38,52,4,4,10,8,32,16,18,39,67,46,1,84,22,22,40,9,7,1,32
"San Marcos, CA",0668196,13,20,14,15,7,50,14,1,1,1,1,1,1,1,6,2,87,87,100,2,3
"Longmont, CO",0845970,42,48,35,41,76,61,43,46,41,69,35,99,81,62,32,50,45,97,80,13,97
"Alafay, FL",1200410,39,50,23,9,5,33,7,1,1,1,1,1,1,1,19,21,83,24,12,86,14
"Albany, NY",3601000,9,7,40,19,62,78,25,36,55,51,30,85,90,24,93,85,41,82,90,70,83
"Sandy, UT",4967440,60,65,48,66,49,13,52,83,66,95,44,82,13,67,19,49,7,84,14,10,91
"Concord, NC",3714100,31,35,13,37,62,54,40,86,87,43,77,86,78,34,26,27,29,6,59,44,29
"Fishers, IN",1823278,64,73,9,56,15,1,31,1,1,1,1,1,1,1,1,1,97,92,7,16,4
"Federal Way, WA",5323515,53,57,73,35,47,66,31,52,86,91,92,69,96,77,32,28,2,81,96,87,67
"Hesperia, CA",0633434,50,62,8,29,54,45,22,90,54,40,31,89,51,71,11,12,59,5,50,19,80
"Brockton, MA",2509000,26,37,19,15,17,48,13,36,23,67,34,31,89,57,74,62,63,49,90,79,63
"Compton, CA",0615044,30,34,32,16,31,62,36,59,14,25,64,67,73,64,76,98,50,61,85,21,52
"Flint, MI",2629000,2,1,6,11,77,72,43,11,11,14,18,60,51,32,97,95,35,71,67,58,70
"Erie, PA",4224000,4,3,5,31,19,44,44,33,42,25,80,30,85,19,92,85,32,55,83,57,67
"New Bedford, MA",2545000,11,13,25,18,3,64,21,29,41,37,26,1,90,74,89,89,45,37,87,85,79
"Sunrise, FL",1269700,7,9,39,8,5,35,10,1,1,1,1,1,1,1,29,25,83,15,3,99,85
"Pine Hill, FL",1256825,2,2,14,1,5,58,10,1,1,1,1,1,1,1,25,31,81,15,1,5,92
"Tracy, CA",0680238,44,56,11,10,11,17,37,99,87,81,15,42,72,100,4,11,80,66,65,2,63
"Roswell, GA",1367284,59,63,61,71,10,17,15,87,72,86,92,17,25,27,14,25,43,56,24,84,45
"Menifee, CA",0646842,74,84,3,11,31,23,18,45,27,1,46,33,29,74,2,2,33,29,18,21,45
"Plantation, FL",1257425,49,54,55,39,13,7,54,23,25,76,43,34,31,57,22,21,73,30,29,93,12
"Quincy, MA",2555745,36,39,60,19,30,37,14,34,32,22,17,42,15,73,51,90,8,62,65,65,61
"Portsmouth, VA",5164000,7,14,17,6,18,61,12,15,30,12,28,1,92,31,87,78,56,37,96,89,79
"Mission Viejo, CA",0648256,57,67,2,32,26,6,23,44,37,1,72,64,20,42,6,19,33,77,13,99,76
"Chino, CA",0613210,72,77,33,70,63,31,63,65,45,52,71,92,31,79,14,27,87,91,43,9,6
"Lynn, MA",2537490,25,33,50,6,47,28,15,34,28,86,38,38,82,89,67,96,81,65,81,90,78
"Edmond, OK",4023200,70,74,35,71,44,77,53,95,97,47,98,88,17,84,28,24,75,5,19,24,17
"Dearborn, MI",2621000,33,16,5,51,55,88,80,17,20,12,46,39,27,16,82,81,33,61,53,60,67
"Livonia, MI",2649000,27,27,9,42,83,5,64,1,1,1,1,1,1,1,90,78,71,93,4,98,43
"Yakima, WA",5380010,10,11,11,36,42,71,23,32,51,14,57,76,99,21,82,61,43,75,97,57,42
"South Gate, CA",0673080,4,6,16,7,19,49,7,94,32,31,12,98,100,64,60,54,69,78,66,95,73
"Greenville, NC",3728080,9,7,30,62,17,58,6,16,29,14,21,36,84,17,75,73,39,32,37,60,10
"Kirkland, WA",5335940,72,78,67,49,50,31,58,94,100,71,88,84,28,98,13,5,95,83,22,100,24
"Lawton, OK",4041850,7,10,13,35,46,49,4,53,42,59,80,88,62,50,71,55,27,25,38,65,18
"Asheville, NC",3702140,44,38,53,82,85,76,28,10,19,20,39,51,86,12,93,90,4,54,96,67,83
"Deltona, FL",1217200,10,25,1,1,9,6,9,58,80,1,70,78,38,91,28,34,33,5,24,70,86
"Redding, CA",0659920,30,35,18,51,33,32,29,30,32,21,10,38,44,89,54,55,70,66,75,13,79
"Bellingham, WA",5305280,31,28,52,47,91,55,21,1,1,1,1,1,1,1,93,60,78,100,99,53,50
"Suffolk, VA",5176432,25,37,8,9,7,14,25,55,41,24,16,16,13,72,23,32,57,37,7,17,76
"Toms Rive, NJ",3473110,38,41,20,44,25,38,33,23,17,98,11,69,32,98,13,30,89,72,56,97,5
"Indio, CA",0636448,31,38,15,9,45,51,32,21,11,64,45,90,95,42,68,77,73,17,95,10,97
"Mount Pleasant, SC",4548535,71,80,26,68,66,4,12,1,1,1,1,1,1,1,2,2,6,7,17,17,96
"Carson, CA",0611530,57,55,38,58,77,61,79,15,29,65,26,70,30,65,90,97,64,86,24,83,80
"Santa Barbara, CA",0669070,43,46,57,56,44,57,28,46,10,49,27,61,79,37,96,99,67,18,92,88,74
"Conroe, TX",4816432,62,66,53,60,58,45,31,76,82,60,93,36,36,22,17,13,3,14,35,24,5
"New Braunfels, TX",4850820,7,13,14,20,74,16,11,57,75,48,29,93,26,76,40,40,39,96,4,8,98
"Westminster, CA",0684550,1,1,4,1,16,4,2,1,1,1,1,1,1,1,27,2,2,100,1,3,13
"Santa Monica, CA",0670000,43,17,91,52,70,55,57,1,1,1,1,1,1,1,99,9,88,96,100,19,13
"Livermore, CA",0641992,63,71,21,40,34,15,39,88,49,79,94,91,17,92,59,100,79,15,12,9,21
"Palm Coast, FL",1254200,17,28,6,5,15,43,30,86,95,39,97,73,15,95,34,30,48,67,13,73,7
"St. George, UT",4965330,34,43,13,45,24,18,30,1,1,1,1,1,1,1,20,17,80,55,28,8,13
"Fall River, MA",2523000,8,10,37,12,56,39,17,22,52,34,14,47,83,54,79,70,50,64,78,85,78
"Nashua, NH",3350260,36,30,43,26,68,48,68,21,13,81,13,25,93,63,75,91,75,31,92,31,77
"Champaign, IL",1712385,35,15,78,47,20,19,60,74,19,100,30,20,42,72,99,69,84,43,6,71,47
"Miami Beach, FL",1245025,59,47,55,35,79,46,87,97,72,38,67,18,76,32,21,18,70,79,64,3,31
"Norwalk, CT",0955990,52,58,50,38,35,28,40,92,76,89,11,44,40,54,25,44,80,60,58,84,82
"San Leandro, CA",0668084,17,21,27,20,54,60,25,63,37,59,20,71,85,65,39,93,96,90,97,73,33
"O'Fallon, MO",2954074,50,54,16,30,79,51,72,1,1,1,1,1,1,1,40,46,47,94,75,5,10
"Newton, MA",2545560,44,58,10,15,11,14,22,90,81,83,48,84,65,92,3,8,3,8,45,96,57
"Reading, PA",4263624,1,1,16,8,49,61,16,32,22,44,63,44,69,26,85,88,19,65,72,51,49
"Avondale, AZ",0404720,64,68,33,24,33,20,75,32,20,34,78,32,18,58,55,50,71,55,19,92,85
"Fort Smith, AR",0524550,17,9,27,70,84,36,19,54,64,42,96,86,81,38,77,64,24,9,74,51,15
"Citrus Heights, CA",0613588,49,54,68,34,68,19,35,18,27,12,27,68,44,89,52,66,94,11,32,9,73
"Ogden, UT",4955980,19,28,15,28,61,69,10,24,35,20,29,73,78,31,85,88,50,94,93,40,67
"Fayetteville, AR",0523290,40,27,70,74,97,22,27,1,1,1,1,1,1,1,77,76,71,99,44,69,10
"Fort Myers, FL",1224125,38,34,54,54,23,71,47,64,72,32,15,36,31,34,30,23,46,20,31,33,44
"Goodyear, AZ",0428380,29,45,7,3,6,1,6,1,1,1,1,1,1,1,100,100,89,63,7,100,100
"Bloomington, IN",1805860,14,9,60,31,61,67,9,24,13,72,30,83,66,70,86,61,28,50,4,59,57
"Bryan, TX",4810912,5,4,36,20,57,34,24,44,54,75,24,92,43,51,89,79,60,79,23,81,75
"Waukegan, IL",1779293,8,5,38,23,46,70,44,34,21,35,55,37,74,87,64,72,4,64,49,18,43
"Hawthorne, CA",0632548,42,33,77,32,60,26,62,85,43,76,25,53,20,60,33,56,85,57,16,78,68
"Redwood City, CA",0660102,66,67,80,41,34,32,56,88,82,97,87,37,60,69,19,5,99,72,82,85,21
"Hoover, AL",0135896,19,20,36,32,25,5,37,1,1,1,1,1,1,1,10,66,81,9,23,72,19
"Duluth, MN",2717000,15,20,32,26,39,72,9,1,1,1,1,1,1,1,85,80,54,73,84,39,76
"Lake Forest, CA",0639496,54,61,7,34,35,4,67,53,46,41,56,56,18,70,24,18,65,49,17,98,96
"The Village, FL",1271625,16,30,11,4,2,18,7,1,1,1,1,1,1,1,100,99,1,58,7,93,88
"Hemet, CA",0633182,28,38,24,10,32,36,18,44,35,54,18,58,76,86,27,24,78,46,63,11,89
"Whittier, CA",0685292,45,52,49,29,32,31,38,82,16,25,36,56,73,26,15,71,31,92,87,27,34
"Clifton, NJ",3413690,40,38,22,53,8,63,60,56,24,47,74,49,82,33,45,93,72,23,1,74,25
"Largo, FL",1239425,21,14,59,44,33,34,52,14,26,36,55,21,74,28,91,84,53,46,55,62,88
"Bloomington, MN",2706616,34,30,52,45,68,19,57,31,39,99,90,99,19,92,88,59,92,97,15,89,15
"Santa Fe, NM",3570500,31,25,12,62,92,68,53,72,47,19,69,97,33,29,29,49,36,96,57,17,76
"Danbury, CT",0918430,21,29,32,32,3,11,2,49,27,12,14,15,24,13,55,97,69,36,31,75,78
"Johns Creek, GA",1342425,61,68,31,62,4,31,36,82,56,87,65,23,22,91,23,94,5,37,3,62,100
"Newport Beach, CA",0651182,47,56,10,46,65,2,45,1,1,1,1,1,1,1,1,1,83,95,7,17,49
"Kennewick, WA",5335275,16,23,26,29,27,37,9,73,71,50,84,57,86,49,51,61,62,61,78,26,31
"Mission, TX",4848768,1,1,2,5,22,14,2,1,1,1,1,1,1,1,85,87,18,89,3,88,55
"Milpitas, CA",0647766,66,69,22,70,72,52,73,14,62,29,22,46,61,42,48,5,10,73,30,53,15
"Troy, MI",2680700,29,23,9,61,70,87,63,13,14,1,39,87,16,14,100,37,33,100,16,20,93
"Chino Hills, CA",0613214,6,16,5,2,15,1,6,1,1,1,1,1,1,1,8,3,92,97,7,100,84
"Alhambra, CA",0600884,27,23,69,37,61,27,26,17,24,35,14,81,33,77,62,98,57,64,48,96,13
"Germantow, MD",2432025,46,58,51,7,3,21,11,87,64,94,84,28,37,79,19,7,100,26,2,95,90
"Merced, CA",0646898,8,14,12,14,25,38,9,49,66,27,60,68,72,55,56,28,38,15,65,30,22
"Sioux City, IA",1973335,5,6,22,14,20,35,22,20,33,36,31,1,67,15,83,73,20,37,85,64,70
"Silver Sprin, MD",2472450,16,22,59,3,15,12,2,84,69,71,39,28,41,56,9,10,1,18,15,90,35
"Trenton, NJ",3474000,3,2,22,7,45,80,27,12,14,19,12,29,86,71,98,91,14,85,94,96,79
"Flower Mound, TX",4826232,69,76,16,53,28,3,53,68,79,77,99,80,13,92,37,14,95,5,12,7,8
"Franklin, TN",4727740,58,62,53,66,20,22,42,1,1,1,1,1,1,1,15,26,63,27,32,23,100
"Medford, OR",4147000,22,25,19,47,12,42,35,68,85,39,85,31,89,88,52,41,46,28,85,12,35
"Manteca, CA",0645484,24,37,12,11,23,29,11,96,61,73,79,75,53,97,10,13,55,10,20,4,9
"Melbourne, FL",1243975,33,33,41,42,8,43,39,25,26,80,44,35,64,66,72,55,85,52,56,35,49
"Mountain View, CA",0649670,81,75,93,60,50,49,85,78,89,100,42,53,38,29,7,4,100,4,46,46,6
"Atascocit, TX",4804462,51,63,23,30,37,36,26,57,54,36,99,61,19,51,16,15,76,93,26,5,3
"Longview, TX",4843888,12,9,18,58,53,26,23,57,77,49,87,42,68,39,66,39,24,86,60,40,16
"Lynchburg, VA",5147672,6,7,33,27,2,58,3,35,28,71,47,1,98,11,91,65,16,37,91,61,23
"Auburn, WA",5303180,48,53,72,43,31,59,42,82,87,91,49,82,39,82,31,30,7,20,58,71,96
"Pleasanton, CA",0657792,62,66,29,51,24,8,74,75,39,73,83,67,32,40,5,100,98,91,87,5,1
"Buena Park, CA",0608786,37,32,66,38,58,13,28,22,35,78,44,80,47,41,63,95,92,89,47,85,87
"Westland, MI",2686000,3,3,4,7,33,36,36,15,24,13,59,43,25,93,84,86,39,71,80,98,40
"Cranston, RI",4419180,39,44,42,60,34,59,8,47,24,70,58,25,79,37,57,93,21,49,77,81,28
"Somerville, MA",2562535,3,8,20,2,6,17,3,1,1,1,1,1,1,1,36,100,1,7,1,6,14
"Folsom, CA",0624638,55,62,45,40,42,30,31,85,98,83,99,54,45,73,20,25,96,83,68,43,27
"Deerfield Beach, FL",1216725,20,18,48,48,12,51,46,30,21,93,38,29,45,65,48,31,66,20,62,15,36
"Warwick, RI",4474300,10,22,8,8,4,10,6,1,1,1,1,1,1,1,94,98,58,30,54,20,92
"Waldor, MD",2481175,49,59,56,11,7,2,20,11,12,91,23,1,1,78,16,6,100,37,7,98,84
"Cicero, IL",1714351,1,2,3,2,30,8,12,89,14,17,25,77,50,100,42,33,16,94,45,91,23
"Farmington Hills, MI",2627440,37,30,27,64,82,23,65,32,18,17,69,90,19,42,29,64,59,83,14,66,67
"Springdale, AR",0566080,14,19,7,44,93,7,5,1,1,1,1,1,1,1,14,11,71,1,44,25,8
"Kendal, FL",1236100,33,37,7,41,10,3,45,93,68,33,55,47,1,93,35,63,75,80,7,87,39
"Brooklyn Park, MN",2707966,31,39,18,21,26,18,20,76,34,79,91,50,39,59,27,76,77,14,32,44,11
"Lawrence, MA",2534550,11,12,34,7,56,79,20,42,53,34,59,89,94,59,75,29,44,67,99,43,52
"Plymouth, MN",2751730,40,50,17,37,48,20,23,1,1,1,1,1,1,1,3,5,96,91,6,10,2
"Buckeye, AZ",0407940,46,65,1,4,29,6,22,11,11,14,25,85,1,97,5,8,38,5,7,14,96
"Georgetown, TX",4829336,38,47,10,25,8,43,34,49,50,29,36,15,71,96,33,53,69,37,80,3,75
"Tustin, CA",0680854,6,8,45,3,2,3,5,1,1,1,1,1,1,1,9,22,99,45,41,100,4
"Lakewood, CA",0639892,67,70,67,35,15,16,48,79,15,98,22,53,28,72,38,55,90,62,3,32,82
"Perris, CA",0656700,12,25,4,1,5,37,3,1,1,1,1,1,1,1,1,1,69,29,100,25,100
"Pharr, TX",4857200,1,1,1,2,8,24,1,1,1,1,1,1,1,1,97,79,23,12,3,97,74
"Loveland, CO",0846465,22,26,21,23,56,69,38,20,44,95,81,100,99,99,78,52,88,94,98,8,91
"Boynton Beach, FL",1207875,26,29,44,27,9,21,46,22,19,69,35,27,40,81,63,72,78,47,40,16,68
"New Rochelle, NY",3650617,34,32,66,22,41,64,6,74,29,86,15,88,99,65,65,97,86,96,91,93,95
"Temple, TX",4872176,12,22,10,12,11,25,13,76,89,32,53,1,63,58,57,48,31,37,49,45,46
"Lake Charles, LA",2241155,15,7,34,44,1,74,56,41,37,55,74,1,23,37,58,60,6,37,33,37,14
"Jonesboro, AR",0535710,16,13,21,55,95,28,4,69,68,66,100,96,87,49,67,69,68,98,77,38,8
"Napa, CA",0650258,43,45,46,37,87,25,55,58,12,58,16,100,22,52,50,44,8,8,4,35,85
"Parma, OH",3961000,2,3,5,3,2,4,10,1,1,1,1,1,1,1,79,88,47,37,14,89,89
"Layton, UT",4943660,33,41,23,17,67,15,15,64,76,95,72,66,15,46,18,21,72,70,34,41,88
"Alameda, CA",0600562,54,52,79,41,72,48,38,35,65,100,47,100,87,85,43,38,6,97,61,18,26
"Rapid City, SD",4652980,13,15,23,57,1,41,1,48,47,23,98,1,85,1,64,70,27,37,69,63,6
"Warner Robins, GA",1380508,14,12,25,31,40,19,35,53,44,78,94,74,35,14,48,42,3,6,34,46,6
"Cedar Park, TX",4813552,27,40,5,14,42,26,7,1,1,1,1,1,1,1,11,10,33,7,7,18,3
"Bloomington, IL",1706613,32,28,37,55,14,18,47,86,80,57,97,40,74,29,45,44,4,26,41,30,7
"Gastonia, NC",3725580,11,8,8,36,28,33,51,51,54,25,50,84,58,61,65,60,44,81,46,33,42
"Upland, CA",0681344,7,15,17,13,30,2,4,1,1,1,1,1,1,1,23,26,91,98,17,94,97
"Baytown, TX",4806128,3,4,34,9,22,32,13,41,44,87,67,41,57,51,78,81,64,58,55,34,87
"Racine, WI",5566000,3,3,14,19,17,42,12,26,38,58,76,60,98,68,94,85,45,68,89,32,90
"Scranton, PA",4269000,2,2,13,33,48,60,5,18,25,48,49,93,91,59,98,92,46,84,88,68,68
"South Jordan, UT",4970850,53,60,12,30,50,11,70,1,1,1,1,1,1,1,1,1,91,1,24,1,94
"Bellflower, CA",0604982,46,48,72,25,28,31,41,39,25,80,41,65,52,71,28,36,90,71,46,73,81
"Kalamazoo, MI",2642160,5,3,24,29,26,66,35,19,38,48,40,76,83,44,86,76,50,14,58,32,70
"Bethlehem, PA",4206088,5,5,42,21,5,55,4,28,17,32,12,26,47,11,74,78,3,57,67,39,82
"San Ramon, CA",0668378,80,86,15,43,27,7,46,71,89,66,67,64,1,45,97,100,41,4,7,30,12
"Wyoming, MI",2688940,5,5,19,23,9,11,29,1,1,1,1,1,1,1,22,61,4,7,16,7,1
"Missouri City, TX",4848804,56,64,9,52,80,26,45,91,91,24,100,57,44,55,5,3,6,8,27,93,1
"Missoula, MT",3050200,27,21,21,50,92,95,11,1,1,1,1,1,1,1,84,67,47,99,100,27,49
"Hammond, IN",1831000,2,2,15,5,10,39,40,22,22,74,53,28,34,42,99,87,50,54,50,42,90
"Appleton, WI",5502375,19,19,27,44,86,29,36,44,47,70,63,99,49,43,68,66,18,98,69,9,99
"Baldwin Park, CA",0603666,15,21,30,15,40,29,20,43,23,21,50,33,17,51,88,96,70,14,20,88,50
"Iowa City, IA",1938595,19,12,57,52,11,56,16,1,1,1,1,1,1,1,98,91,62,30,2,55,86
